date,index_name,action,symbol,source,revid
2026-03-31,NDX100,remove,AZN,qqq,0001067839-26-000024
2026-03-31,NDX100,add,WMT,qqq,0001067839-26-000024
2025-12-31,NDX100,remove,TTD,qqq,0001067839-26-000016
2025-12-31,NDX100,remove,ON,qqq,0001067839-26-000016
2025-12-31,NDX100,remove,LULU,qqq,0001067839-26-000016
2025-12-31,NDX100,remove,GFS,qqq,0001067839-26-000016
2025-12-31,NDX100,remove,CDW,qqq,0001067839-26-000016
2025-12-31,NDX100,remove,BIIB,qqq,0001067839-26-000016
2025-12-31,NDX100,add,WDC,qqq,0001067839-26-000016
2025-12-31,NDX100,add,STX,qqq,0001067839-26-000016
2025-12-31,NDX100,add,MPWR,qqq,0001067839-26-000016
2025-12-31,NDX100,add,INSM,qqq,0001067839-26-000016
2025-12-31,NDX100,add,FER,qqq,0001067839-26-000016
2025-12-31,NDX100,add,ALNY,qqq,0001067839-26-000016
2025-09-30,NDX100,remove,ANSS,qqq,0001067839-25-000007
2025-09-30,NDX100,add,TRI,qqq,0001067839-25-000007
2025-06-30,NDX100,remove,MDB,qqq,0001752724-25-211318
2025-06-30,NDX100,add,SHOP,qqq,0001752724-25-211318
2024-12-31,NDX100,remove,SMCI,qqq,0001752724-25-039757
2024-12-31,NDX100,remove,MRNA,qqq,0001752724-25-039757
2024-12-31,NDX100,remove,ILMN,qqq,0001752724-25-039757
2024-12-31,NDX100,remove,DLTR,qqq,0001752724-25-039757
2024-12-31,NDX100,add,PLTR,qqq,0001752724-25-039757
2024-12-31,NDX100,add,MSTR,qqq,0001752724-25-039757
2024-12-31,NDX100,add,AXON,qqq,0001752724-25-039757
2024-12-31,NDX100,add,APP,qqq,0001752724-25-039757
2024-09-30,NDX100,remove,WBA,qqq,0001752724-24-274837
2024-09-30,NDX100,remove,GRAL,qqq,0001752724-24-274837
2024-09-30,NDX100,add,SMCI,qqq,0001752724-24-274837
2024-06-30,NDX100,remove,SIRI,qqq,0001752724-24-196011
2024-06-30,NDX100,add,GRAL,qqq,0001752724-24-196011
2024-06-30,NDX100,add,ARM,qqq,0001752724-24-196011
2024-03-31,NDX100,remove,SPLK,qqq,0001752724-24-126831
2024-03-31,NDX100,add,LIN,qqq,0001752724-24-126831
2023-12-31,NDX100,remove,ZM,qqq,0001752724-24-049569
2023-12-31,NDX100,remove,SGEN,qqq,0001752724-24-049569
2023-12-31,NDX100,remove,LCID,qqq,0001752724-24-049569
2023-12-31,NDX100,remove,JD,qqq,0001752724-24-049569
2023-12-31,NDX100,remove,ENPH,qqq,0001752724-24-049569
2023-12-31,NDX100,remove,EBAY,qqq,0001752724-24-049569
2023-12-31,NDX100,remove,ALGN,qqq,0001752724-24-049569
2023-12-31,NDX100,add,TTWO,qqq,0001752724-24-049569
2023-12-31,NDX100,add,SPLK,qqq,0001752724-24-049569
2023-12-31,NDX100,add,ROP,qqq,0001752724-24-049569
2023-12-31,NDX100,add,MDB,qqq,0001752724-24-049569
2023-12-31,NDX100,add,DASH,qqq,0001752724-24-049569
2023-12-31,NDX100,add,CDW,qqq,0001752724-24-049569
2023-12-31,NDX100,add,CCEP,qqq,0001752724-24-049569
2023-09-30,NDX100,remove,ATVI,qqq,0001752724-23-269960
2023-09-30,NDX100,add,TTD,qqq,0001752724-23-269960
2023-06-30,NDX100,remove,RIVN,qqq,0001752724-23-198395
2023-06-30,NDX100,remove,FI,qqq,0001752724-23-198395
2023-06-30,NDX100,add,ON,qqq,0001752724-23-198395
2023-06-30,NDX100,add,GEHC,qqq,0001752724-23-198395
2022-12-31,NDX100,remove,VRSN,qqq,0001752724-23-047901
2022-12-31,NDX100,remove,SWKS,qqq,0001752724-23-047901
2022-12-31,NDX100,remove,SPLK,qqq,0001752724-23-047901
2022-12-31,NDX100,remove,OKTA,qqq,0001752724-23-047901
2022-12-31,NDX100,remove,NTES,qqq,0001752724-23-047901
2022-12-31,NDX100,remove,MTCH,qqq,0001752724-23-047901
2022-12-31,NDX100,remove,DOCU,qqq,0001752724-23-047901
2022-12-31,NDX100,remove,BIDU,qqq,0001752724-23-047901
2022-12-31,NDX100,add,WBD,qqq,0001752724-23-047901
2022-12-31,NDX100,add,RIVN,qqq,0001752724-23-047901
2022-12-31,NDX100,add,GFS,qqq,0001752724-23-047901
2022-12-31,NDX100,add,FANG,qqq,0001752724-23-047901
2022-12-31,NDX100,add,ENPH,qqq,0001752724-23-047901
2022-12-31,NDX100,add,CSGP,qqq,0001752724-23-047901
2022-12-31,NDX100,add,BKR,qqq,0001752724-23-047901
2022-03-31,NDX100,remove,XLNX,qqq,0001752724-22-116978
2022-03-31,NDX100,remove,PTON,qqq,0001752724-22-116978
2022-03-31,NDX100,add,ODFL,qqq,0001752724-22-116978
2022-03-31,NDX100,add,CEG,qqq,0001752724-22-116978
2022-03-31,NDX100,add,AZN,qqq,0001752724-22-116978
2021-12-31,NDX100,remove,TCOM,qqq,0001752724-22-046874
2021-12-31,NDX100,remove,INCY,qqq,0001752724-22-046874
2021-12-31,NDX100,remove,FOXA,qqq,0001752724-22-046874
2021-12-31,NDX100,remove,FOX,qqq,0001752724-22-046874
2021-12-31,NDX100,remove,CHKP,qqq,0001752724-22-046874
2021-12-31,NDX100,remove,CERN,qqq,0001752724-22-046874
2021-12-31,NDX100,remove,CDW,qqq,0001752724-22-046874
2021-12-31,NDX100,add,ZS,qqq,0001752724-22-046874
2021-12-31,NDX100,add,PANW,qqq,0001752724-22-046874
2021-12-31,NDX100,add,LCID,qqq,0001752724-22-046874
2021-12-31,NDX100,add,FTNT,qqq,0001752724-22-046874
2021-12-31,NDX100,add,DDOG,qqq,0001752724-22-046874
2021-12-31,NDX100,add,ABNB,qqq,0001752724-22-046874
2021-09-30,NDX100,remove,MXIM,qqq,0001752724-21-250330
2021-09-30,NDX100,remove,ALXN,qqq,0001752724-21-250330
2021-09-30,NDX100,add,HON,qqq,0001752724-21-250330
2021-09-30,NDX100,add,CRWD,qqq,0001752724-21-250330
2020-12-31,NDX100,remove,WDC,qqq,0001752724-21-043706
2020-12-31,NDX100,remove,ULTA,qqq,0001752724-21-043706
2020-12-31,NDX100,remove,TTWO,qqq,0001752724-21-043706
2020-12-31,NDX100,remove,LBTYK,qqq,0001752724-21-043706
2020-12-31,NDX100,remove,LBTYA,qqq,0001752724-21-043706
2020-12-31,NDX100,remove,EXPE,qqq,0001752724-21-043706
2020-12-31,NDX100,remove,CTXS,qqq,0001752724-21-043706
2020-12-31,NDX100,remove,BMRN,qqq,0001752724-21-043706
2020-12-31,NDX100,add,TEAM,qqq,0001752724-21-043706
2020-12-31,NDX100,add,PTON,qqq,0001752724-21-043706
2020-12-31,NDX100,add,OKTA,qqq,0001752724-21-043706
2020-12-31,NDX100,add,MTCH,qqq,0001752724-21-043706
2020-12-31,NDX100,add,MRVL,qqq,0001752724-21-043706
2020-12-31,NDX100,add,KDP,qqq,0001752724-21-043706
2020-12-31,NDX100,add,AEP,qqq,0001752724-21-043706
2020-09-30,NDX100,remove,NTAP,qqq,0001752724-20-251748
2020-09-30,NDX100,remove,CSGP,qqq,0001752724-20-251748
2020-09-30,NDX100,add,PDD,qqq,0001752724-20-251748
2020-09-30,NDX100,add,MRNA,qqq,0001752724-20-251748
2020-06-30,NDX100,remove,WTW,qqq,0001752724-20-174500
2020-06-30,NDX100,remove,UAL,qqq,0001752724-20-174500
2020-06-30,NDX100,remove,AAL,qqq,0001752724-20-174500
2020-06-30,NDX100,add,ZM,qqq,0001752724-20-174500
2020-06-30,NDX100,add,DXCM,qqq,0001752724-20-174500
2020-06-30,NDX100,add,DOCU,qqq,0001752724-20-174500
2019-12-31,NDX100,remove,WYNN,qqq,0001752724-20-043463
2019-12-31,NDX100,remove,NLOK,qqq,0001752724-20-043463
2019-12-31,NDX100,remove,MYL,qqq,0001752724-20-043463
2019-12-31,NDX100,remove,JBHT,qqq,0001752724-20-043463
2019-12-31,NDX100,remove,HSIC,qqq,0001752724-20-043463
2019-12-31,NDX100,remove,HAS,qqq,0001752724-20-043463
2019-12-31,NDX100,remove,CELG,qqq,0001752724-20-043463
2019-12-31,NDX100,add,SPLK,qqq,0001752724-20-043463
2019-12-31,NDX100,add,SGEN,qqq,0001752724-20-043463
2019-12-31,NDX100,add,EXC,qqq,0001752724-20-043463
2019-12-31,NDX100,add,CSGP,qqq,0001752724-20-043463
2019-12-31,NDX100,add,CPRT,qqq,0001752724-20-043463
2019-12-31,NDX100,add,CDW,qqq,0001752724-20-043463
2019-12-31,NDX100,add,ANSS,qqq,0001752724-20-043463
2019-09-30,NDX100,remove,XRAY,qqq,0001752724-19-184787
2019-09-30,NDX100,remove,VOD,qqq,0001752724-19-184787
2019-09-30,NDX100,remove,TFCF,qqq,0001752724-19-184787
2019-09-30,NDX100,remove,STX,qqq,0001752724-19-184787
2019-09-30,NDX100,remove,SHPG,qqq,0001752724-19-184787
2019-09-30,NDX100,remove,QRTEA,qqq,0001752724-19-184787
2019-09-30,NDX100,remove,HOLX,qqq,0001752724-19-184787
2019-09-30,NDX100,remove,ESRX,qqq,0001752724-19-184787
2019-09-30,NDX100,remove,CA,qqq,0001752724-19-184787
2019-09-30,NDX100,add,XEL,qqq,0001752724-19-184787
2019-09-30,NDX100,add,WTW,qqq,0001752724-19-184787
2019-09-30,NDX100,add,VRSN,qqq,0001752724-19-184787
2019-09-30,NDX100,add,UAL,qqq,0001752724-19-184787
2019-09-30,NDX100,add,ORLY,qqq,0001752724-19-184787
2019-09-30,NDX100,add,NXPI,qqq,0001752724-19-184787
2019-09-30,NDX100,add,NTAP,qqq,0001752724-19-184787
2019-09-30,NDX100,add,LULU,qqq,0001752724-19-184787
2019-09-30,NDX100,add,FOXA,qqq,0001752724-19-184787
2019-09-30,NDX100,add,AMD,qqq,0001752724-19-184787
2018-09-30,NDX100,remove,VIAB,qqq,0001193125-18-355790
2018-09-30,NDX100,remove,TSCO,qqq,0001193125-18-355790
2018-09-30,NDX100,remove,QVCA,qqq,0001193125-18-355790
2018-09-30,NDX100,remove,NCLH,qqq,0001193125-18-355790
2018-09-30,NDX100,remove,MAT,qqq,0001193125-18-355790
2018-09-30,NDX100,remove,LVNTA,qqq,0001193125-18-355790
2018-09-30,NDX100,remove,DISH,qqq,0001193125-18-355790
2018-09-30,NDX100,remove,DISCK,qqq,0001193125-18-355790
2018-09-30,NDX100,remove,DISCA,qqq,0001193125-18-355790
2018-09-30,NDX100,remove,AKAM,qqq,0001193125-18-355790
2018-09-30,NDX100,add,WDAY,qqq,0001193125-18-355790
2018-09-30,NDX100,add,TTWO,qqq,0001193125-18-355790
2018-09-30,NDX100,add,SNPS,qqq,0001193125-18-355790
2018-09-30,NDX100,add,QRTEA,qqq,0001193125-18-355790
2018-09-30,NDX100,add,PEP,qqq,0001193125-18-355790
2018-09-30,NDX100,add,CDNS,qqq,0001193125-18-355790
2018-09-30,NDX100,add,ASML,qqq,0001193125-18-355790
2018-09-30,NDX100,add,ALGN,qqq,0001193125-18-355790
2017-09-30,NDX100,remove,WFM,qqq,0001193125-18-001208
2017-09-30,NDX100,remove,TRIP,qqq,0001193125-18-001208
2017-09-30,NDX100,remove,SRCL,qqq,0001193125-18-001208
2017-09-30,NDX100,remove,SBAC,qqq,0001193125-18-001208
2017-09-30,NDX100,remove,NXPI,qqq,0001193125-18-001208
2017-09-30,NDX100,remove,NTAP,qqq,0001193125-18-001208
2017-09-30,NDX100,remove,LLTC,qqq,0001193125-18-001208
2017-09-30,NDX100,remove,BBBY,qqq,0001193125-18-001208
2017-09-30,NDX100,add,WYNN,qqq,0001193125-18-001208
2017-09-30,NDX100,add,SHPG,qqq,0001193125-18-001208
2017-09-30,NDX100,add,MELI,qqq,0001193125-18-001208
2017-09-30,NDX100,add,KLAC,qqq,0001193125-18-001208
2017-09-30,NDX100,add,JBHT,qqq,0001193125-18-001208
2017-09-30,NDX100,add,IDXX,qqq,0001193125-18-001208
2017-09-30,NDX100,add,HOLX,qqq,0001193125-18-001208
2017-09-30,NDX100,add,HAS,qqq,0001193125-18-001208
2017-09-30,NDX100,add,CTAS,qqq,0001193125-18-001208
2016-09-30,NDX100,remove,WYNN,qqq,0001193125-16-806695
2016-09-30,NDX100,remove,VIP,qqq,0001193125-16-806695
2016-09-30,NDX100,remove,SPLS,qqq,0001193125-16-806695
2016-09-30,NDX100,remove,SNDK,qqq,0001193125-16-806695
2016-09-30,NDX100,remove,SIAL,qqq,0001193125-16-806695
2016-09-30,NDX100,remove,ORLY,qqq,0001193125-16-806695
2016-09-30,NDX100,remove,LMCK,qqq,0001193125-16-806695
2016-09-30,NDX100,remove,LMCA,qqq,0001193125-16-806695
2016-09-30,NDX100,remove,KRFT,qqq,0001193125-16-806695
2016-09-30,NDX100,remove,KLAC,qqq,0001193125-16-806695
2016-09-30,NDX100,remove,GRMN,qqq,0001193125-16-806695
2016-09-30,NDX100,remove,GMCR,qqq,0001193125-16-806695
2016-09-30,NDX100,remove,FFIV,qqq,0001193125-16-806695
2016-09-30,NDX100,remove,EXPD,qqq,0001193125-16-806695
2016-09-30,NDX100,remove,EQIX,qqq,0001193125-16-806695
2016-09-30,NDX100,remove,DTV,qqq,0001193125-16-806695
2016-09-30,NDX100,remove,CTRX,qqq,0001193125-16-806695
2016-09-30,NDX100,remove,CHRW,qqq,0001193125-16-806695
2016-09-30,NDX100,remove,BRCM,qqq,0001193125-16-806695
2016-09-30,NDX100,remove,ALTR,qqq,0001193125-16-806695
2016-09-30,NDX100,add,XRAY,qqq,0001193125-16-806695
2016-09-30,NDX100,add,WBA,qqq,0001193125-16-806695
2016-09-30,NDX100,add,ULTA,qqq,0001193125-16-806695
2016-09-30,NDX100,add,TMUS,qqq,0001193125-16-806695
2016-09-30,NDX100,add,TCOM,qqq,0001193125-16-806695
2016-09-30,NDX100,add,SWKS,qqq,0001193125-16-806695
2016-09-30,NDX100,add,PYPL,qqq,0001193125-16-806695
2016-09-30,NDX100,add,NTES,qqq,0001193125-16-806695
2016-09-30,NDX100,add,NCLH,qqq,0001193125-16-806695
2016-09-30,NDX100,add,MCHP,qqq,0001193125-16-806695
2016-09-30,NDX100,add,LVNTA,qqq,0001193125-16-806695
2016-09-30,NDX100,add,LRCX,qqq,0001193125-16-806695
2016-09-30,NDX100,add,LBTYK,qqq,0001193125-16-806695
2016-09-30,NDX100,add,KHC,qqq,0001193125-16-806695
2016-09-30,NDX100,add,JD,qqq,0001193125-16-806695
2016-09-30,NDX100,add,INCY,qqq,0001193125-16-806695
2016-09-30,NDX100,add,FOX,qqq,0001193125-16-806695
2016-09-30,NDX100,add,EA,qqq,0001193125-16-806695
2016-09-30,NDX100,add,CSX,qqq,0001193125-16-806695
2016-09-30,NDX100,add,BMRN,qqq,0001193125-16-806695
2016-09-30,NDX100,add,AAL,qqq,0001193125-16-806695
2014-09-30,NDX100,remove,XRAY,qqq,0001104659-15-002429
2014-09-30,NDX100,remove,SHLD,qqq,0001104659-15-002429
2014-09-30,NDX100,remove,NUAN,qqq,0001104659-15-002429
2014-09-30,NDX100,remove,MCHP,qqq,0001104659-15-002429
2014-09-30,NDX100,remove,GOLD,qqq,0001104659-15-002429
2014-09-30,NDX100,remove,FOSL,qqq,0001104659-15-002429
2014-09-30,NDX100,remove,DELL,qqq,0001104659-15-002429
2014-09-30,NDX100,add,VIP,qqq,0001104659-15-002429
2014-09-30,NDX100,add,TSCO,qqq,0001104659-15-002429
2014-09-30,NDX100,add,TRIP,qqq,0001104659-15-002429
2014-09-30,NDX100,add,NXPI,qqq,0001104659-15-002429
2014-09-30,NDX100,add,MAR,qqq,0001104659-15-002429
2014-09-30,NDX100,add,LMCK,qqq,0001104659-15-002429
2014-09-30,NDX100,add,ILMN,qqq,0001104659-15-002429
2014-09-30,NDX100,add,GOOG,qqq,0001104659-15-002429
2014-09-30,NDX100,add,DISH,qqq,0001104659-15-002429
2014-09-30,NDX100,add,DISCK,qqq,0001104659-15-002429
2013-09-30,NDX100,remove,WCRX,qqq,0001104659-14-003107
2013-09-30,NDX100,remove,VRSN,qqq,0001104659-14-003107
2013-09-30,NDX100,remove,VMED,qqq,0001104659-14-003107
2013-09-30,NDX100,remove,PRGO,qqq,0001104659-14-003107
2013-09-30,NDX100,remove,ORCL,qqq,0001104659-14-003107
2013-09-30,NDX100,remove,MRVL,qqq,0001104659-14-003107
2013-09-30,NDX100,remove,LRCX,qqq,0001104659-14-003107
2013-09-30,NDX100,remove,LIFE,qqq,0001104659-14-003107
2013-09-30,NDX100,remove,FOXA,qqq,0001104659-14-003107
2013-09-30,NDX100,remove,FLEX,qqq,0001104659-14-003107
2013-09-30,NDX100,remove,EA,qqq,0001104659-14-003107
2013-09-30,NDX100,remove,BMC,qqq,0001104659-14-003107
2013-09-30,NDX100,remove,BB,qqq,0001104659-14-003107
2013-09-30,NDX100,remove,APOL,qqq,0001104659-14-003107
2013-09-30,NDX100,add,WDC,qqq,0001104659-14-003107
2013-09-30,NDX100,add,VRSK,qqq,0001104659-14-003107
2013-09-30,NDX100,add,TSLA,qqq,0001104659-14-003107
2013-09-30,NDX100,add,TFCF,qqq,0001104659-14-003107
2013-09-30,NDX100,add,SBAC,qqq,0001104659-14-003107
2013-09-30,NDX100,add,REGN,qqq,0001104659-14-003107
2013-09-30,NDX100,add,META,qqq,0001104659-14-003107
2013-09-30,NDX100,add,LMCA,qqq,0001104659-14-003107
2013-09-30,NDX100,add,LBTYA,qqq,0001104659-14-003107
2013-09-30,NDX100,add,KRFT,qqq,0001104659-14-003107
2013-09-30,NDX100,add,EQIX,qqq,0001104659-14-003107
2013-09-30,NDX100,add,DISCA,qqq,0001104659-14-003107
2013-09-30,NDX100,add,CTRX,qqq,0001104659-14-003107
2013-09-30,NDX100,add,CHTR,qqq,0001104659-14-003107
2013-09-30,NDX100,add,ADI,qqq,0001104659-14-003107
2012-09-30,NDX100,remove,URBN,qqq,0001104659-13-005075
2012-09-30,NDX100,remove,TEVA,qqq,0001104659-13-005075
2012-09-30,NDX100,remove,TCOM,qqq,0001104659-13-005075
2012-09-30,NDX100,remove,QGEN,qqq,0001104659-13-005075
2012-09-30,NDX100,remove,NIHD,qqq,0001104659-13-005075
2012-09-30,NDX100,remove,JOY,qqq,0001104659-13-005075
2012-09-30,NDX100,remove,ILMN,qqq,0001104659-13-005075
2012-09-30,NDX100,remove,FSLR,qqq,0001104659-13-005075
2012-09-30,NDX100,remove,FLIR,qqq,0001104659-13-005075
2012-09-30,NDX100,add,VIAB,qqq,0001104659-13-005075
2012-09-30,NDX100,add,TXN,qqq,0001104659-13-005075
2012-09-30,NDX100,add,PRGO,qqq,0001104659-13-005075
2012-09-30,NDX100,add,NUAN,qqq,0001104659-13-005075
2012-09-30,NDX100,add,MNST,qqq,0001104659-13-005075
2012-09-30,NDX100,add,MDLZ,qqq,0001104659-13-005075
2012-09-30,NDX100,add,GOLD,qqq,0001104659-13-005075
2012-09-30,NDX100,add,FOSL,qqq,0001104659-13-005075
2012-09-30,NDX100,add,AVGO,qqq,0001104659-13-005075
2011-09-30,NDX100,remove,PDCO,qqq,0001104659-12-003105
2011-09-30,NDX100,remove,MICC,qqq,0001104659-12-003105
2011-09-30,NDX100,remove,LOGI,qqq,0001104659-12-003105
2011-09-30,NDX100,remove,JBHT,qqq,0001104659-12-003105
2011-09-30,NDX100,remove,HOLX,qqq,0001104659-12-003105
2011-09-30,NDX100,remove,GENZ,qqq,0001104659-12-003105
2011-09-30,NDX100,remove,FWLT,qqq,0001104659-12-003105
2011-09-30,NDX100,remove,DISH,qqq,0001104659-12-003105
2011-09-30,NDX100,remove,CTAS,qqq,0001104659-12-003105
2011-09-30,NDX100,remove,CEPH,qqq,0001104659-12-003105
2011-09-30,NDX100,add,WFM,qqq,0001104659-12-003105
2011-09-30,NDX100,add,TCOM,qqq,0001104659-12-003105
2011-09-30,NDX100,add,SIRI,qqq,0001104659-12-003105
2011-09-30,NDX100,add,NFLX,qqq,0001104659-12-003105
2011-09-30,NDX100,add,MU,qqq,0001104659-12-003105
2011-09-30,NDX100,add,GMCR,qqq,0001104659-12-003105
2011-09-30,NDX100,add,FFIV,qqq,0001104659-12-003105
2011-09-30,NDX100,add,DLTR,qqq,0001104659-12-003105
2011-09-30,NDX100,add,ALXN,qqq,0001104659-12-003105
2011-09-30,NDX100,add,AKAM,qqq,0001104659-12-003105
2010-09-30,NDX100,remove,STLD,qqq,0001104659-10-064790
2010-09-30,NDX100,remove,RYAAY,qqq,0001104659-10-064790
2010-09-30,NDX100,remove,PPDI,qqq,0001104659-10-064790
2010-09-30,NDX100,remove,MNST,qqq,0001104659-10-064790
2010-09-30,NDX100,remove,LBTYA,qqq,0001104659-10-064790
2010-09-30,NDX100,remove,JNPR,qqq,0001104659-10-064790
2010-09-30,NDX100,remove,INFY,qqq,0001104659-10-064790
2010-09-30,NDX100,remove,IAC,qqq,0001104659-10-064790
2010-09-30,NDX100,remove,AKAM,qqq,0001104659-10-064790
2010-09-30,NDX100,add,VOD,qqq,0001104659-10-064790
2010-09-30,NDX100,add,VMED,qqq,0001104659-10-064790
2010-09-30,NDX100,add,SNDK,qqq,0001104659-10-064790
2010-09-30,NDX100,add,QGEN,qqq,0001104659-10-064790
2010-09-30,NDX100,add,MYL,qqq,0001104659-10-064790
2010-09-30,NDX100,add,MAT,qqq,0001104659-10-064790
2010-09-30,NDX100,add,BMC,qqq,0001104659-10-064790
2010-09-30,NDX100,add,BKNG,qqq,0001104659-10-064790
2009-09-30,NDX100,remove,WFM,qqq,0001104659-10-001821
2009-09-30,NDX100,remove,VMED,qqq,0001104659-10-001821
2009-09-30,NDX100,remove,SNDK,qqq,0001104659-10-001821
2009-09-30,NDX100,remove,SIRI,qqq,0001104659-10-001821
2009-09-30,NDX100,remove,PETM,qqq,0001104659-10-001821
2009-09-30,NDX100,remove,MWW,qqq,0001104659-10-001821
2009-09-30,NDX100,remove,LVLT,qqq,0001104659-10-001821
2009-09-30,NDX100,remove,LEAP,qqq,0001104659-10-001821
2009-09-30,NDX100,remove,LAMR,qqq,0001104659-10-001821
2009-09-30,NDX100,remove,JAVA,qqq,0001104659-10-001821
2009-09-30,NDX100,remove,FMCN,qqq,0001104659-10-001821
2009-09-30,NDX100,remove,DISCA,qqq,0001104659-10-001821
2009-09-30,NDX100,remove,CDNS,qqq,0001104659-10-001821
2009-09-30,NDX100,remove,CCZ,qqq,0001104659-10-001821
2009-09-30,NDX100,remove,AMLN,qqq,0001104659-10-001821
2009-09-30,NDX100,add,WCRX,qqq,0001104659-10-001821
2009-09-30,NDX100,add,URBN,qqq,0001104659-10-001821
2009-09-30,NDX100,add,STX,qqq,0001104659-10-001821
2009-09-30,NDX100,add,ROST,qqq,0001104659-10-001821
2009-09-30,NDX100,add,PPDI,qqq,0001104659-10-001821
2009-09-30,NDX100,add,ORLY,qqq,0001104659-10-001821
2009-09-30,NDX100,add,MXIM,qqq,0001104659-10-001821
2009-09-30,NDX100,add,LIFE,qqq,0001104659-10-001821
2009-09-30,NDX100,add,JBHT,qqq,0001104659-10-001821
2009-09-30,NDX100,add,ILMN,qqq,0001104659-10-001821
2009-09-30,NDX100,add,FSLR,qqq,0001104659-10-001821
2009-09-30,NDX100,add,FOXA,qqq,0001104659-10-001821
2009-09-30,NDX100,add,CMCSA,qqq,0001104659-10-001821
2009-09-30,NDX100,add,CERN,qqq,0001104659-10-001821
2009-09-30,NDX100,add,ADP,qqq,0001104659-10-001821
