date,index_name,action,symbol,security
2026-08-05,SP500,remove,EA,Electronic Arts
2026-08-05,SP500,add,FERG,Ferguson Enterprises
2026-06-30,SP500,remove,CAG,Conagra Brands
2026-06-29,SP500,add,HONA,Honeywell Aerospace
2026-06-22,SP500,remove,POOL,Pool Corporation
2026-06-22,SP500,remove,CPB,Campbell's
2026-06-22,SP500,add,MRVL,Marvell Technology
2026-06-22,SP500,add,FLEX,Flex Ltd.
2026-06-02,SP500,remove,EPAM,EPAM Systems
2026-06-01,SP500,add,FDXF,FedEx Freight
2026-05-07,SP500,remove,CTRA,Coterra Energy
2026-05-07,SP500,add,VEEV,Veeva Systems
2026-04-09,SP500,remove,HOLX,Hologic
2026-04-09,SP500,add,CASY,Casey's
2026-03-23,SP500,remove,PAYC,Paycom
2026-03-23,SP500,remove,MTCH,Match Group
2026-03-23,SP500,remove,MOH,Molina Healthcare
2026-03-23,SP500,remove,LW,Lamb Weston
2026-03-23,SP500,add,VRT,Vertiv
2026-03-23,SP500,add,LITE,Lumentum
2026-03-23,SP500,add,ECHO,EchoStar
2026-03-23,SP500,add,COHR,Coherent Corp.
2026-02-09,SP500,remove,DAY,Dayforce
2026-02-09,SP500,add,CIEN,Ciena
2025-12-22,SP500,remove,SOLS,Solstice Advanced Materials
2025-12-22,SP500,remove,MHK,Mohawk Industries
2025-12-22,SP500,remove,LKQ,LKQ Corporation
2025-12-22,SP500,add,FIX,Comfort Systems USA
2025-12-22,SP500,add,CVNA,Carvana
2025-12-22,SP500,add,CRH,CRH
2025-12-11,SP500,remove,K,Kellanova
2025-12-11,SP500,add,ARES,Ares Management
2025-11-28,SP500,remove,IPG,Interpublic Group
2025-11-28,SP500,add,SNDK,Sandisk
2025-11-04,SP500,remove,EMN,Eastman Chemical Co.
2025-11-03,SP500,add,Q,Qnity Electronics
2025-10-31,SP500,remove,KMX,CarMax
2025-10-30,SP500,add,SOLS,Solstice Advanced Materials
2025-09-22,SP500,remove,MKTX,MarketAxess
2025-09-22,SP500,remove,ENPH,Enphase Energy
2025-09-22,SP500,remove,CZR,Caesars Entertainment
2025-09-22,SP500,add,HOOD,Robinhood Markets
2025-09-22,SP500,add,EME,Emcor
2025-09-22,SP500,add,APP,AppLovin
2025-08-28,SP500,remove,WBA,Walgreens Boots Alliance
2025-08-28,SP500,add,IBKR,Interactive Brokers
2025-07-23,SP500,remove,HES,Hess Corporation
2025-07-23,SP500,add,XYZ,"Block, Inc."
2025-07-18,SP500,remove,ANSS,Ansys
2025-07-18,SP500,add,TTD,Trade Desk (The)
2025-07-09,SP500,remove,JNPR,Juniper Networks
2025-07-09,SP500,add,DDOG,Datadog
2025-05-19,SP500,remove,DFS,Discover Financial
2025-05-19,SP500,add,COIN,Coinbase
2025-03-24,SP500,remove,TFX,Teleflex
2025-03-24,SP500,remove,FMC,FMC Corporation
2025-03-24,SP500,remove,CE,Celanese
2025-03-24,SP500,remove,BWA,BorgWarner
2025-03-24,SP500,add,WSM,"Williams-Sonoma, Inc."
2025-03-24,SP500,add,TKO,TKO Group Holdings
2025-03-24,SP500,add,EXE,Expand Energy
2025-03-24,SP500,add,DASH,DoorDash
2024-12-23,SP500,remove,QRVO,Qorvo
2024-12-23,SP500,remove,CTLT,Catalent
2024-12-23,SP500,remove,AMTM,Amentum
2024-12-23,SP500,add,WDAY,"Workday, Inc."
2024-12-23,SP500,add,LII,Lennox International
2024-12-23,SP500,add,APO,Apollo Global Management
2024-11-26,SP500,remove,MRO,Marathon Oil
2024-11-26,SP500,add,TPL,Texas Pacific Land Corporation
2024-10-01,SP500,remove,BBWI,"Bath & Body Works, Inc."
2024-09-30,SP500,add,AMTM,Amentum
2024-09-23,SP500,remove,ETSY,Etsy
2024-09-23,SP500,remove,BIO,Bio-Rad Laboratories
2024-09-23,SP500,remove,AAL,American Airlines Group
2024-09-23,SP500,add,PLTR,Palantir Technologies
2024-09-23,SP500,add,ERIE,Erie Indemnity
2024-09-23,SP500,add,DELL,Dell Technologies
2024-06-24,SP500,remove,RHI,Robert Half
2024-06-24,SP500,remove,ILMN,"Illumina, Inc."
2024-06-24,SP500,remove,CMA,Comerica
2024-06-24,SP500,add,KKR,KKR
2024-06-24,SP500,add,GDDY,GoDaddy
2024-06-24,SP500,add,CRWD,CrowdStrike
2024-05-08,SP500,remove,PXD,Pioneer Natural Resources
2024-05-08,SP500,add,VST,Vistra
2024-04-03,SP500,remove,XRAY,Dentsply Sirona
2024-04-03,SP500,remove,VFC,VF Corporation
2024-04-02,SP500,add,GEV,GE Vernova
2024-04-01,SP500,add,SOLV,Solventum
2024-03-25,SP500,remove,FLT,FLEETCOR Technologies
2024-03-25,SP500,add,CPAY,Corpay
2024-03-18,SP500,remove,ZION,Zions Bancorporation
2024-03-18,SP500,remove,WHR,Whirlpool Corporation
2024-03-18,SP500,add,SMCI,Supermicro
2024-03-18,SP500,add,DECK,Deckers Brands
2024-02-01,SP500,remove,DAY,Ceridian
2024-02-01,SP500,add,DAY,Dayforce
2023-12-18,SP500,remove,SEE,Sealed Air
2023-12-18,SP500,remove,SEDG,SolarEdge
2023-12-18,SP500,remove,ALK,Alaska Air Group
2023-12-18,SP500,add,UBER,Uber
2023-12-18,SP500,add,JBL,Jabil
2023-12-18,SP500,add,BLDR,Builders FirstSource
2023-10-18,SP500,remove,OGN,Organon & Co.
2023-10-18,SP500,remove,ATVI,Activision Blizzard
2023-10-18,SP500,add,LULU,Lululemon Athletica
2023-10-18,SP500,add,HUBB,Hubbell
2023-10-03,SP500,remove,DXC,DXC Technology
2023-10-02,SP500,add,VLTO,Veralto
2023-09-18,SP500,remove,NWL,Newell Brands
2023-09-18,SP500,remove,LNC,Lincoln National Corporation
2023-09-18,SP500,add,BX,Blackstone
2023-09-18,SP500,add,ABNB,Airbnb
2023-08-25,SP500,remove,AAP,Advance Auto Parts
2023-08-25,SP500,add,KVUE,Kenvue
2023-07-10,SP500,remove,EG,Everest Re Group
2023-07-10,SP500,add,EG,Everest Group
2023-06-20,SP500,remove,DISH,Dish Network
2023-06-20,SP500,add,PANW,Palo Alto Networks
2023-05-04,SP500,remove,FRC,First Republic Bank
2023-05-04,SP500,add,AXON,Axon Enterprise
2023-03-20,SP500,remove,LUMN,Lumen Technologies
2023-03-20,SP500,add,FICO,Fair Isaac
2023-03-15,SP500,remove,SIVB,SVB Financial Group
2023-03-15,SP500,remove,SBNY,Signature Bank
2023-03-15,SP500,add,PODD,Insulet
2023-03-15,SP500,add,BG,Bunge Global
2023-01-05,SP500,remove,VNO,Vornado Realty Trust
2023-01-04,SP500,add,GEHC,GE HealthCare
2022-12-22,SP500,remove,ABMD,Abiomed
2022-12-22,SP500,add,STLD,Steel Dynamics
2022-12-19,SP500,remove,MBC,MasterBrand
2022-12-19,SP500,remove,FBHS,Fortune Brands Home & Security
2022-12-19,SP500,add,FSLR,First Solar
2022-12-15,SP500,add,MBC,MasterBrand
2022-11-01,SP500,remove,TWTR,Twitter
2022-11-01,SP500,add,ACGL,Arch Capital Group
2022-10-12,SP500,remove,NLSN,Nielsen Holdings
2022-10-12,SP500,add,TRGP,Targa Resources
2022-10-03,SP500,remove,DRE,Duke Realty
2022-10-03,SP500,remove,CTXS,Citrix Systems
2022-10-03,SP500,add,PCG,PG&E
2022-10-03,SP500,add,EQT,EQT Corporation
2022-09-19,SP500,remove,PVH,PVH
2022-09-19,SP500,remove,PENN,Penn Entertainment
2022-09-19,SP500,add,INVH,Invitation Homes
2022-09-19,SP500,add,CSGP,CoStar Group
2022-06-21,SP500,remove,UAA,Under Armour (Class A)
2022-06-21,SP500,remove,UA,Under Armour (Class C)
2022-06-21,SP500,remove,IPGP,IPG Photonics
2022-06-21,SP500,add,ON,ON Semiconductor
2022-06-21,SP500,add,KDP,Keurig Dr Pepper
2022-06-08,SP500,remove,CERN,Cerner
2022-06-08,SP500,add,VICI,Vici Properties
2022-04-11,SP500,remove,DISCK,"Discovery, Inc."
2022-04-11,SP500,remove,DISCA,"Discovery, Inc."
2022-04-11,SP500,add,WBD,Warner Bros. Discovery
2022-04-04,SP500,remove,PBCT,People's United Financial
2022-04-04,SP500,add,CPT,Camden Property Trust
2022-03-02,SP500,remove,INFO,IHS Markit
2022-03-02,SP500,add,MOH,Molina Healthcare
2022-02-15,SP500,remove,XLNX,Xilinx
2022-02-15,SP500,add,NDSN,Nordson Corporation
2022-02-03,SP500,remove,GPS,Gap
2022-02-02,SP500,add,CEG,Constellation Energy
2022-01-10,SP500,remove,WLTW,Willis Towers Watson
2022-01-10,SP500,add,WTW,Willis Towers Watson
2021-12-20,SP500,remove,WU,Western Union
2021-12-20,SP500,remove,LEG,Leggett & Platt
2021-12-20,SP500,remove,HBI,Hanesbrands
2021-12-20,SP500,add,SEDG,SolarEdge
2021-12-20,SP500,add,SBNY,Signature Bank
2021-12-20,SP500,add,FDS,FactSet
2021-12-14,SP500,remove,KSU,Kansas City Southern
2021-12-14,SP500,add,EPAM,EPAM Systems
2021-09-20,SP500,remove,UNM,Unum
2021-09-20,SP500,remove,PRGO,Perrigo
2021-09-20,SP500,remove,NOV,Nov
2021-09-20,SP500,add,MTCH,Match Group
2021-09-20,SP500,add,DAY,Ceridian
2021-09-20,SP500,add,BRO,Brown & Brown
2021-08-30,SP500,remove,MXIM,Maxim Integrated
2021-08-30,SP500,add,TECH,Bio-Techne
2021-07-21,SP500,remove,ALXN,Alexion Pharmaceuticals
2021-07-21,SP500,add,MRNA,Moderna
2021-06-04,SP500,remove,HFC,HollyFrontier
2021-06-03,SP500,add,OGN,Organon & Co.
2021-05-14,SP500,remove,FLIR,FLIR Systems
2021-05-14,SP500,add,CRL,Charles River Laboratories
2021-04-20,SP500,remove,VAR,Varian Medical Systems
2021-04-20,SP500,add,PTC,PTC
2021-03-22,SP500,remove,XRX,Xerox
2021-03-22,SP500,remove,VNT,Vontier
2021-03-22,SP500,remove,SLG,SL Green Realty
2021-03-22,SP500,remove,FLS,Flowserve
2021-03-22,SP500,add,PENN,Penn National Gaming
2021-03-22,SP500,add,NXPI,NXP
2021-03-22,SP500,add,GNRC,Generac Holdings
2021-03-22,SP500,add,CZR,Caesars Entertainment
2021-02-12,SP500,remove,FTI,TechnipFMC
2021-02-12,SP500,add,MPWR,Monolithic Power Systems
2021-01-21,SP500,remove,CXO,Concho Resources
2021-01-21,SP500,add,TRMB,Trimble
2021-01-07,SP500,remove,TIF,Tiffany & Co
2021-01-07,SP500,add,ENPH,Enphase Energy
2020-12-21,SP500,remove,AIV,Apartment Investment & Management
2020-12-21,SP500,add,TSLA,Tesla
2020-10-12,SP500,remove,NBL,Noble Energy
2020-10-09,SP500,add,VNT,Vontier
2020-10-07,SP500,remove,ETFC,E-Trade
2020-10-07,SP500,add,POOL,Pool Corporation
2020-09-21,SP500,remove,KSS,Kohl's
2020-09-21,SP500,remove,HRB,H&R Block
2020-09-21,SP500,remove,COTY,Coty
2020-09-21,SP500,add,TER,Teradyne
2020-09-21,SP500,add,ETSY,Etsy
2020-09-21,SP500,add,CTLT,Catalent
2020-06-22,SP500,remove,JWN,Nordstrom
2020-06-22,SP500,remove,HOG,Harley-Davidson
2020-06-22,SP500,remove,ADS,Alliance Data Systems
2020-06-22,SP500,add,TYL,Tyler Technologies
2020-06-22,SP500,add,TDY,Teledyne
2020-06-22,SP500,add,BIO,Bio-Rad Laboratories
2020-05-22,SP500,remove,HP,Helmerich & Payne
2020-05-22,SP500,add,WST,West Pharmaceutical Services
2020-05-12,SP500,remove,CPRI,Capri Holdings
2020-05-12,SP500,remove,AGN,Allergan
2020-05-12,SP500,add,DXCM,Dexcom
2020-05-12,SP500,add,DPZ,Domino's Pizza
2020-04-06,SP500,remove,RTN,Raytheon Company
2020-04-06,SP500,remove,M,Macy's
2020-04-03,SP500,add,OTIS,Otis Worldwide
2020-04-03,SP500,add,CARR,Carrier
2020-04-01,SP500,remove,ARNC,Arconic
2020-04-01,SP500,add,HWM,Howmet Aerospace
2020-03-02,SP500,remove,XEC,Cimarex Energy
2020-03-02,SP500,add,IR,Ingersoll Rand
2020-01-28,SP500,remove,WCG,WellCare
2020-01-28,SP500,add,PAYC,Paycom
2019-12-23,SP500,remove,TRIP,TripAdvisor
2019-12-23,SP500,remove,MAC,Macerich
2019-12-23,SP500,remove,AMG,Affiliated Managers Group
2019-12-23,SP500,add,ZBRA,Zebra Technologies
2019-12-23,SP500,add,STE,Steris
2019-12-23,SP500,add,LYV,Live Nation Entertainment
2019-12-09,SP500,remove,STI,SunTrust Banks
2019-12-09,SP500,add,ODFL,Old Dominion Freight Line
2019-12-05,SP500,remove,VIAB,Viacom
2019-12-05,SP500,add,WRB,W. R. Berkley Corporation
2019-11-21,SP500,remove,CELG,Celgene
2019-11-21,SP500,add,NOW,ServiceNow
2019-10-03,SP500,remove,NKTR,Nektar Therapeutics
2019-10-03,SP500,add,LVS,Las Vegas Sands
2019-09-26,SP500,remove,JEF,"[[Jefferies Finanref name=""Sept28"" />"
2019-09-26,SP500,add,NVR,NVR
2019-09-23,SP500,remove,TSS,TSYS
2019-09-23,SP500,add,CDW,CDW Corporation
2019-08-09,SP500,remove,FL,Foot Locker
2019-08-09,SP500,remove,APC,Anadarko Petroleum
2019-08-09,SP500,add,LDOS,Leidos
2019-08-09,SP500,add,IEX,IDEX Corporation
2019-07-15,SP500,remove,RHT,Red Hat
2019-07-15,SP500,add,TMUS,T-Mobile US
2019-07-01,SP500,remove,LLL,L3 Technologies
2019-07-01,SP500,add,MKTX,MarketAxess
2019-06-11,SP500,remove,BMS,Bemis
2019-06-11,SP500,add,AMCR,Amcor
2019-06-07,SP500,remove,MAT,Mattel
2019-06-07,SP500,add,BMS,Bemis
2019-06-03,SP500,remove,FLR,Fluor Corporation
2019-06-03,SP500,remove,DWDP,DuPont
2019-06-03,SP500,add,DD,DuPont
2019-06-03,SP500,add,CTVA,Corteva
2019-04-02,SP500,remove,BHF,Brighthouse Financial
2019-04-02,SP500,add,DOW,Dow
2019-03-19,SP500,remove,FOXA,21st Century Fox
2019-03-19,SP500,remove,FOX,21st Century Fox
2019-03-19,SP500,add,FOXA,Fox Corporation
2019-03-19,SP500,add,FOX,Fox Corporation
2019-02-27,SP500,remove,GT,The Goodyear Tire & Rubber Company
2019-02-27,SP500,add,WAB,Wabtec
2019-02-15,SP500,remove,NFX,Newfield Exploration
2019-02-15,SP500,add,ATO,Atmos Energy
2019-01-18,SP500,remove,PCG,Pacific Gas & Electric Company
2019-01-18,SP500,add,TFX,Teleflex
2019-01-02,SP500,remove,SCG,SCANA
2019-01-02,SP500,add,FRC,First Republic Bank
2018-12-24,SP500,remove,ESRX,Express Scripts
2018-12-24,SP500,add,CE,Celanese
2018-12-03,SP500,remove,SRCL,Stericycle
2018-12-03,SP500,remove,COL,Rockwell Collins
2018-12-03,SP500,remove,AET,Aetna
2018-12-03,SP500,add,MXIM,Maxim Integrated
2018-12-03,SP500,add,LW,Lamb Weston
2018-12-03,SP500,add,FANG,Diamondback Energy
2018-11-13,SP500,remove,EQT,EQT Corporation
2018-11-13,SP500,add,JKHY,Jack Henry & Associates
2018-11-06,SP500,remove,CA,CA Technologies
2018-11-06,SP500,add,KEYS,Keysight
2018-10-11,SP500,remove,EVHC,Envision Healthcare
2018-10-11,SP500,add,FTNT,Fortinet
2018-10-01,SP500,remove,ANDV,Andeavor
2018-10-01,SP500,add,ROL,Rollins
2018-09-14,SP500,remove,XL,XL Group
2018-09-14,SP500,add,WCG,WellCare
2018-08-28,SP500,remove,GGP,GGP
2018-08-28,SP500,add,ANET,Arista Networks
2018-07-02,SP500,remove,DPS,Dr Pepper Snapple Group
2018-07-02,SP500,add,CPRT,Copart
2018-06-20,SP500,remove,TWX,Time Warner
2018-06-20,SP500,add,FLT,FleetCor Technologies
2018-06-18,SP500,remove,RRC,Range Resources
2018-06-18,SP500,remove,AYI,Acuity Brands
2018-06-18,SP500,add,HFC,HollyFrontier
2018-06-18,SP500,add,BR,Broadridge Financial Solutions
2018-06-07,SP500,remove,MON,Monsanto
2018-06-07,SP500,add,TWTR,Twitter
2018-06-05,SP500,remove,NAVI,Navient
2018-06-05,SP500,add,EVRG,Evergy
2018-05-31,SP500,remove,WYN,Wyndham Worldwide
2018-05-31,SP500,add,ABMD,Abiomed
2018-04-04,SP500,remove,CSRA,CSRA
2018-04-04,SP500,add,MSCI,MSCI
2018-03-19,SP500,remove,SIG,Signet Jewelers
2018-03-19,SP500,remove,PDCO,Patterson Companies
2018-03-19,SP500,remove,CHK,Chesapeake Energy
2018-03-19,SP500,add,TTWO,Take-Two Interactive
2018-03-19,SP500,add,SIVB,SVB Financial Group
2018-03-19,SP500,add,NKTR,Nektar Therapeutics
2018-03-07,SP500,remove,SNI,Scripps Networks Interactive
2018-03-07,SP500,add,IPGP,IPG Photonics
2018-01-03,SP500,remove,BCR,CR Bard
2018-01-03,SP500,add,HII,Huntington Ingalls Industries
2017-11-15,SP500,remove,Q,QuintilesIMS
2017-11-15,SP500,add,IQV,IQVIA
2017-10-13,SP500,remove,LVLT,Level 3 Communications
2017-10-13,SP500,add,NCLH,Norwegian Cruise Line Holdings
2017-09-18,SP500,remove,SPLS,Staples
2017-09-18,SP500,add,CDNS,Cadence Design Systems
2017-09-01,SP500,remove,DOW,Dow Chemical Company
2017-09-01,SP500,remove,DD,DuPont
2017-09-01,SP500,add,SBAC,SBA Communications
2017-09-01,SP500,add,DWDP,DuPont
2017-08-29,SP500,remove,WFM,Whole Foods Market
2017-08-29,SP500,add,Q,QuintilesIMS
2017-08-08,SP500,remove,AN,AutoNation
2017-08-08,SP500,add,BHF,Brighthouse Financial
2017-07-26,SP500,remove,RIG,Transocean
2017-07-26,SP500,remove,RAI,Reynolds American
2017-07-26,SP500,remove,MUR,Murphy Oil
2017-07-26,SP500,remove,MNK,Mallinckrodt
2017-07-26,SP500,remove,BBBY,Bed Bath & Beyond
2017-07-26,SP500,add,RMD,ResMed
2017-07-26,SP500,add,PKG,Packaging Corporation of America
2017-07-26,SP500,add,MGM,MGM Resorts International
2017-07-26,SP500,add,DRE,Duke Realty Corp
2017-07-26,SP500,add,AOS,A. O. Smith
2017-07-07,SP500,remove,BHI,Baker Hughes
2017-07-07,SP500,add,BKR,Baker Hughes
2017-06-19,SP500,remove,YHOO,Yahoo!
2017-06-19,SP500,remove,TDC,Teradata
2017-06-19,SP500,remove,R,Ryder System
2017-06-19,SP500,remove,MJN,Mead Johnson
2017-06-19,SP500,add,HLT,Hilton
2017-06-19,SP500,add,EG,Everest Re
2017-06-19,SP500,add,ANSS,Ansys
2017-06-19,SP500,add,ALGN,Align Technology
2017-06-02,SP500,remove,TGNA,Tegna
2017-06-02,SP500,add,INFO,IHS Markit
2017-04-05,SP500,remove,DNB,Dun & Bradstreet
2017-04-05,SP500,add,IT,Gartner
2017-04-04,SP500,remove,SWN,Southwestern Energy
2017-04-04,SP500,add,DXC,DXC Technology
2017-03-20,SP500,remove,URBN,Urban Outfitters
2017-03-20,SP500,remove,FTR,Frontier Communications
2017-03-20,SP500,remove,FSLR,First Solar
2017-03-20,SP500,add,RJF,Raymond James Financial
2017-03-20,SP500,add,ARE,Alexandria Real Estate Equities
2017-03-20,SP500,add,AMD,Advanced Micro Devices
2017-03-16,SP500,remove,HAR,Harman International
2017-03-16,SP500,add,SNPS,Synopsys
2017-03-13,SP500,remove,LLTC,Linear Technology
2017-03-13,SP500,add,DISH,Dish Network
2017-03-02,SP500,remove,ENDP,Endo International
2017-03-02,SP500,add,REG,Regency Centers
2017-03-01,SP500,remove,PBI,Pitney Bowes
2017-03-01,SP500,add,CBOE,Cboe Holdings
2017-02-28,SP500,remove,SE,Spectra Energy
2017-02-28,SP500,add,INCY,Incyte
2017-01-05,SP500,remove,STJ,St Jude Medical
2017-01-05,SP500,add,IDXX,Idexx Laboratories
2016-12-02,SP500,remove,OI,Owens-Illinois
2016-12-02,SP500,remove,LM,Legg Mason
2016-12-02,SP500,add,MAA,Mid-America Apartments
2016-12-02,SP500,add,EVHC,Envision Healthcare
2016-11-01,SP500,remove,AA,Alcoa
2016-11-01,SP500,add,ARNC,Arconic
2016-09-30,SP500,remove,DO,Diamond Offshore Drilling
2016-09-30,SP500,add,COTY,Coty
2016-09-22,SP500,remove,HOT,Starwood
2016-09-22,SP500,add,COO,The Cooper Companies
2016-09-08,SP500,remove,EMC,EMC Corporation
2016-09-08,SP500,add,CHTR,Charter Communications
2016-09-06,SP500,remove,TYC,Tyco International
2016-09-06,SP500,add,MTD,Mettler Toledo
2016-07-05,SP500,remove,CPGX,Columbia Pipeline Group
2016-07-05,SP500,add,FTV,Fortive Corp
2016-07-01,SP500,remove,TE,TECO Energy
2016-07-01,SP500,remove,GAS,AGL Resources
2016-07-01,SP500,add,LNT,Alliant Energy Corp
2016-07-01,SP500,add,ALB,Albemarle Corporation
2016-06-22,SP500,remove,CVC,Cablevision Systems
2016-06-22,SP500,add,FBHS,Fortune Brands Home & Security
2016-06-03,SP500,remove,BXLT,Baxalta
2016-06-03,SP500,add,TDG,TransDigm Group
2016-05-31,SP500,remove,CCE,Coca-Cola Enterprises
2016-05-31,SP500,add,AJG,Arthur J. Gallagher & Co.
2016-05-23,SP500,remove,ARG,Airgas
2016-05-23,SP500,add,LKQ,LKQ Corporation
2016-05-18,SP500,remove,TWC,Time Warner Cable
2016-05-18,SP500,add,DLR,Digital Realty
2016-05-13,SP500,remove,SNDK,SanDisk
2016-05-13,SP500,add,ALK,Alaska Air Group
2016-05-03,SP500,remove,ADT,ADT
2016-05-03,SP500,add,AYI,Acuity Brands
2016-04-25,SP500,remove,GME,GameStop
2016-04-25,SP500,add,GPN,Global Payments
2016-04-18,SP500,remove,THC,Tenet Healthcare
2016-04-18,SP500,add,ULTA,Ulta Beauty
2016-04-08,SP500,add,UA,Under Armour (Class C)
2016-04-04,SP500,remove,CAM,Cameron International
2016-04-04,SP500,add,FL,Foot Locker
2016-03-30,SP500,remove,POM,Pepco Holdings
2016-03-30,SP500,remove,ESV,Ensco
2016-03-30,SP500,add,HOLX,Hologic
2016-03-30,SP500,add,CNC,Centene Corporation
2016-03-07,SP500,remove,GMCR,Keurig Green Mountain
2016-03-07,SP500,add,UDR,UDR
2016-03-04,SP500,remove,CNX,Consol Energy
2016-03-04,SP500,add,AWK,American Water Works
2016-02-22,SP500,remove,PCL,Plum Creek Timber
2016-02-22,SP500,add,CXO,Concho Resources
2016-02-01,SP500,remove,PCP,Precision Castparts Corporation
2016-02-01,SP500,remove,BRCM,Broadcom Corporation
2016-02-01,SP500,add,FRT,Federal Realty Investment Trust
2016-02-01,SP500,add,CFG,Citizens
2016-01-19,SP500,add,EXR,Extra Space Storage
2016-01-05,SP500,remove,FOSL,Fossil Group
2016-01-05,SP500,add,WLTW,Willis Towers Watson
2015-12-29,SP500,remove,ALTR,Altera
2015-12-29,SP500,add,CHD,Church & Dwight
2015-12-15,SP500,remove,CMCSK,Comcast K Corp
2015-12-01,SP500,remove,CSC,Computer Sciences Corporation
2015-12-01,SP500,add,CSRA,CSRA
2015-11-19,SP500,remove,SIAL,Sigma-Aldrich
2015-11-19,SP500,add,ILMN,Illumina
2015-11-18,SP500,remove,GNW,Genworth Financial
2015-11-18,SP500,add,SYF,Synchrony Financial
2015-11-02,SP500,remove,HCBK,Hudson City Bancorp
2015-11-02,SP500,add,HPE,Hewlett Packard Enterprise
2015-10-07,SP500,remove,JOY,Joy Global
2015-10-07,SP500,add,VRSK,Verisk Analytics
2015-09-18,SP500,add,NWS,News Corporation Class B
2015-09-18,SP500,add,FOX,Twenty-First Century Fox Class B
2015-09-18,SP500,add,CMCSK,Comcast Class K Special
2015-09-02,SP500,remove,HSP,Hospira
2015-09-02,SP500,add,UAL,United Continental Holdings
2015-08-28,SP500,remove,PLL,Pall Corporation
2015-08-28,SP500,add,ATVI,Activision Blizzard
2015-07-29,SP500,remove,DTV,DirecTV
2015-07-29,SP500,add,SIG,Signet Jewelers
2015-07-20,SP500,remove,NE,Noble Corporation
2015-07-20,SP500,add,PYPL,PayPal
2015-07-08,SP500,remove,FDO,Family Dollar
2015-07-08,SP500,add,AAP,Advance Auto Parts
2015-07-06,SP500,remove,KRFT,Kraft Foods
2015-07-06,SP500,add,KHC,Kraft Heinz
2015-07-02,SP500,remove,ATI,Allegheny Technologies
2015-07-02,SP500,add,CPGX,Columbia Pipeline Group
2015-07-01,SP500,remove,TEG,Integrys Energy Group
2015-07-01,SP500,remove,QEP,QEP Resources
2015-07-01,SP500,add,JBHT,J.B. Hunt
2015-07-01,SP500,add,BXLT,Baxalta
2015-06-11,SP500,remove,LO,Lorillard Tobacco Company
2015-06-11,SP500,add,QRVO,Qorvo
2015-04-07,SP500,remove,WIN,Windstream Communications
2015-04-07,SP500,add,O,Realty Income Corporation
2015-03-23,SP500,remove,NBR,Nabors Industries
2015-03-23,SP500,remove,DNR,Denbury Resources
2015-03-23,SP500,remove,AVP,Avon Products
2015-03-23,SP500,remove,AGN,Allergan
2015-03-23,SP500,add,SLG,SL Green Realty
2015-03-23,SP500,add,HBI,Hanesbrands
2015-03-23,SP500,add,EQIX,Equinix
2015-03-23,SP500,add,AGN,
2015-03-23,SP500,add,AAL,American Airlines Group
2015-03-18,SP500,remove,CFN,Carefusion
2015-03-18,SP500,add,HSIC,Henry Schein
2015-03-12,SP500,remove,PETM,PetSmart
2015-03-12,SP500,add,SWKS,Skyworks
2015-01-27,SP500,remove,SWY,Safeway
2015-01-27,SP500,remove,COV,Covidien
2015-01-27,SP500,add,HCA,HCA Holdings
2015-01-27,SP500,add,ENDP,Endo International
2014-12-05,SP500,remove,BMS,Bemis Company
2014-12-05,SP500,add,RCL,Royal Caribbean Cruises
2014-11-05,SP500,remove,JBL,Jabil Circuit
2014-11-05,SP500,add,LVLT,Level 3 Communications
2014-09-20,SP500,remove,GHC,Graham Holdings
2014-09-20,SP500,remove,BTU,Peabody Energy
2014-09-20,SP500,add,URI,United Rentals
2014-09-20,SP500,add,UHS,Universal Health Services
2014-08-18,SP500,remove,RDC,Rowan Companies
2014-08-18,SP500,add,MNK,Mallinckrodt
2014-08-06,SP500,add,DISCK,Discovery Communications
2014-07-02,SP500,remove,X,United States Steel
2014-07-02,SP500,add,MLM,Martin Marietta
2014-07-01,SP500,remove,FRX,Forest Laboratories
2014-07-01,SP500,add,AMG,Affiliated Managers Group
2014-06-20,SP500,remove,IGT,International Game Technology
2014-06-20,SP500,add,XEC,Cimarex Energy
2014-05-08,SP500,remove,LSI,LSI Corporation
2014-05-08,SP500,add,AVGO,Avago Technologies
2014-05-01,SP500,remove,SLM,SLM Corporation
2014-05-01,SP500,remove,BEAM,Suntory Global Spirits
2014-05-01,SP500,add,UAA,Under Armour
2014-05-01,SP500,add,NAVI,Navient
2014-04-03,SP500,add,GOOGL,Google
2014-04-02,SP500,remove,CLF,Cliffs Natural Resources
2014-04-02,SP500,add,ESS,Essex Property Trust
2014-03-21,SP500,remove,WPX,WPX Energy
2014-03-21,SP500,add,GMCR,Keurig Green Mountain
2014-01-24,SP500,remove,LIFE,Life Technologies
2014-01-24,SP500,add,TSCO,Tractor Supply
2013-12-23,SP500,remove,TER,Teradyne
2013-12-23,SP500,remove,JDSU,JDS Uniphase
2013-12-23,SP500,remove,ANF,Abercrombie & Fitch
2013-12-23,SP500,add,MHK,Mohawk Industries
2013-12-23,SP500,add,META,Facebook
2013-12-23,SP500,add,ADS,Alliance Data Systems
2013-12-10,SP500,remove,MOLX,Molex
2013-12-10,SP500,add,GGP,General Growth Properties
2013-12-02,SP500,remove,JCP,JCPenney
2013-12-02,SP500,add,ALLE,Allegion
2013-11-13,SP500,remove,NYX,NYSE Euronext
2013-11-13,SP500,add,CPRI,Michael Kors
2013-10-29,SP500,remove,DELL,Dell
2013-10-29,SP500,add,RIG,Transocean
2013-09-20,SP500,remove,SAI,SAIC
2013-09-20,SP500,remove,AMD,Advanced Micro Devices
2013-09-20,SP500,add,VRTX,Vertex Pharmaceuticals
2013-09-20,SP500,add,AME,Ametek
2013-09-10,SP500,remove,BMC,BMC Software
2013-09-10,SP500,add,DAL,Delta Air Lines
2013-07-08,SP500,remove,S,Sprint Nextel
2013-07-08,SP500,add,NLSN,Nielsen Holdings
2013-07-01,SP500,remove,APOL,Apollo Education Group
2013-07-01,SP500,add,NWSA,21st Century Fox
2013-06-21,SP500,remove,FHN,First Horizon
2013-06-21,SP500,add,ZTS,Zoetis
2013-06-06,SP500,remove,HNZ,Heinz
2013-06-06,SP500,add,GM,General Motors
2013-05-23,SP500,remove,DF,Dean Foods
2013-05-23,SP500,add,KSU,Kansas City Southern
2013-05-08,SP500,remove,CVH,Coventry Health Care
2013-05-08,SP500,add,MAC,Macerich
2013-04-30,SP500,remove,PCS,MetroPCS
2013-04-30,SP500,add,REGN,Regeneron Pharmaceuticals
2013-02-15,SP500,remove,BIG,Big Lots
2013-02-15,SP500,add,PVH,PVH
2013-01-02,SP500,remove,FII,Federated Investors
2013-01-02,SP500,add,ABBV,AbbVie
2012-12-21,SP500,remove,TIE,Titanium Metals
2012-12-21,SP500,add,APTV,Delphi Automotive
2012-12-11,SP500,remove,RRD,RR Donnelley
2012-12-11,SP500,add,GRMN,Garmin
2012-12-03,SP500,remove,CBE,Cooper Industries
2012-12-03,SP500,add,DG,Dollar General
2012-10-10,SP500,remove,SUN,Sunoco
2012-10-10,SP500,add,PETM,PetSmart
2012-10-02,SP500,remove,KFT,Kraft Foods
2012-10-02,SP500,remove,ANR,Alpha Natural Resources
2012-10-02,SP500,add,MDLZ,Mondelez
2012-10-02,SP500,add,KRFT,Kraft Foods
2012-10-01,SP500,remove,LXK,Lexmark
2012-10-01,SP500,remove,DV,DeVry
2012-10-01,SP500,add,PNR,Pentair
2012-10-01,SP500,add,ADT,ADT
2012-09-05,SP500,remove,SHLD,Sears Holdings
2012-09-05,SP500,add,LYB,LyondellBasell
2012-07-31,SP500,remove,GR,Goodrich Corporation
2012-07-31,SP500,add,ESV,Ensco
2012-07-02,SP500,remove,PGN,Progress Energy
2012-07-02,SP500,add,STX,Seagate Technology
2012-06-29,SP500,remove,SLE,Sara Lee Corporation
2012-06-29,SP500,add,MNST,Monster Beverage
2012-06-05,SP500,remove,NVLS,Novellus Systems
2012-06-05,SP500,add,LRCX,Lam Research
2012-05-21,SP500,remove,MMI,Motorola Mobility
2012-05-21,SP500,add,ALXN,Alexion Pharmaceuticals
2012-05-17,SP500,remove,EP,El Paso Corporation
2012-05-17,SP500,add,KMI,Kinder Morgan
2012-04-23,SP500,remove,SVU,Supervalu
2012-04-23,SP500,add,PSX,Phillips 66
2012-04-03,SP500,remove,MHS,Medco Health Solutions
2012-04-03,SP500,add,FOSL,Fossil
2012-03-13,SP500,remove,CEG,Constellation Energy Group
2012-03-13,SP500,add,CCI,Crown Castle
2011-12-31,SP500,remove,CPWR,Compuware
2011-12-31,SP500,add,WPX,WPX Energy
2011-12-20,SP500,remove,TLAB,Tellabs
2011-12-20,SP500,add,TRIP,TripAdvisor
2011-12-16,SP500,remove,WFR,MEMC Electronic Materials
2011-12-16,SP500,remove,MWW,Monster Worldwide
2011-12-16,SP500,remove,AKS,AK Steel
2011-12-16,SP500,add,PRGO,Perrigo
2011-12-16,SP500,add,DLTR,Dollar Tree
2011-12-16,SP500,add,BWA,BorgWarner
2011-12-12,SP500,remove,GAS,Nicor Gas
2011-12-12,SP500,add,GAS,AGL Resources.
2011-11-18,SP500,remove,JNS,Janus Capital Group
2011-11-18,SP500,add,CBE,Cooper Industries
2011-10-31,SP500,remove,ITT,ITT
2011-10-31,SP500,add,XYL,Xylem
2011-10-14,SP500,remove,CEPH,Cephalon
2011-10-14,SP500,add,TEL,TE Connectivity
2011-09-23,SP500,remove,NSM,National Semiconductor
2011-09-23,SP500,add,MOS,The Mosaic Company
2011-07-05,SP500,remove,MI,Marshall & Ilsley
2011-07-05,SP500,add,ACN,Accenture
2011-06-30,SP500,remove,RSH,RadioShack
2011-06-30,SP500,add,MPC,Marathon Oil
2011-06-01,SP500,remove,MEE,Massey Energy
2011-06-01,SP500,add,ANR,Alpha Natural Resources
2011-04-27,SP500,remove,NOVL,Novell
2011-04-27,SP500,add,CMG,Chipotle Mexican Grill
2011-04-01,SP500,remove,GENZ,Genzyme
2011-04-01,SP500,add,BLK,BlackRock
2011-03-31,SP500,remove,Q,Qwest Communications
2011-03-31,SP500,add,EW,Edwards Lifesciences
2011-02-28,SP500,remove,MFE,McAfee
2011-02-28,SP500,add,COV,Covidien
2011-02-25,SP500,remove,AYE,Allegheny Energy
2011-02-25,SP500,add,JOY,Joy Global
2011-01-03,SP500,remove,MDP,Meredith Corp
2011-01-03,SP500,add,MMI,Motorola Mobility
2010-12-17,SP500,remove,ODP,Office Depot
2010-12-17,SP500,remove,NYT,The New York Times Company
2010-12-17,SP500,remove,KG,King Pharmaceuticals
2010-12-17,SP500,remove,EK,Eastman Kodak
2010-12-17,SP500,add,NFX,Newfield Exploration
2010-12-17,SP500,add,NFLX,Netflix
2010-12-17,SP500,add,FFIV,F5 Networks
2010-12-17,SP500,add,CVC,Cablevision
2010-11-17,SP500,remove,PTV,Pactiv
2010-11-17,SP500,add,TT,Ingersoll-Rand
2010-08-26,SP500,remove,SII,Smith International
2010-08-26,SP500,add,TYC,Tyco International
2010-07-14,SP500,remove,MIL,Millipore
2010-07-14,SP500,add,CB,Chubb
2010-06-30,SP500,remove,STR,Questar
2010-06-30,SP500,add,QEP,QEP Resources
2010-06-28,SP500,remove,XTO,XTO Energy
2010-06-28,SP500,add,KMX,CarMax
2010-04-29,SP500,remove,BJS,BJ Services
2010-04-29,SP500,add,CERN,Cerner
2010-02-26,SP500,remove,RX,IMS Health
2010-02-26,SP500,add,HP,Helmerich & Payne
2009-12-18,SP500,remove,MBI,MBIA
2009-12-18,SP500,remove,KBH,KB Home
2009-12-18,SP500,remove,DYN,Dynegy
2009-12-18,SP500,remove,CVG,Convergys
2009-12-18,SP500,remove,CIEN,Ciena
2009-12-18,SP500,add,V,Visa
2009-12-18,SP500,add,SAI,SAIC
2009-12-18,SP500,add,ROST,Ross Stores
2009-12-18,SP500,add,MJN,Mead Johnson Nutrition
2009-12-18,SP500,add,CLF,Cliffs Natural Resources
2009-11-03,SP500,remove,SGP,Schering-Plough
2009-11-03,SP500,add,BKNG,Priceline.com
2009-09-28,SP500,remove,CBE,Cooper Industries
2009-09-28,SP500,add,ARG,Airgas
2009-08-19,SP500,remove,CTX,Centex Corp.
2009-08-19,SP500,add,FMC,FMC Corporation
2009-06-29,SP500,add,PCS,MetroPCS
2009-06-25,SP500,remove,TEL,TE Connectivity
2009-06-05,SP500,remove,COV,Covidien
2009-06-05,SP500,add,FTI,FMC Technologies
2009-03-03,SP500,remove,JNY,Jones Apparel Group
2009-03-03,SP500,remove,ACAS,American Capital
2009-03-03,SP500,add,VTR,Ventas
2009-03-03,SP500,add,HRL,Hormel Foods
2008-12-31,SP500,remove,WB,Wachovia Bank
2008-12-31,SP500,add,OI,Owens-Illinois
2008-09-16,SP500,remove,LEH,Lehman Brothers
2008-09-16,SP500,add,LHX,Harris Corporation
2008-09-12,SP500,remove,FNM,Fannie Mae
2008-09-12,SP500,remove,FMCC,Freddie Mac
2008-09-12,SP500,add,FAST,Fastenal
2008-09-12,SP500,add,CRM,Salesforce
2008-07-01,SP500,remove,CFC,Countrywide Financial Corp
2008-07-01,SP500,add,AKS,AK Steel
2008-06-23,SP500,remove,OMX,OfficeMax
2008-06-23,SP500,remove,BC,Brunswick
2008-06-23,SP500,add,MEE,Massey Energy
2008-06-23,SP500,add,CTRA,Cabot Oil & Gas
2008-06-10,SP500,remove,ABK,Ambac Financial
2008-06-10,SP500,add,LO,Lorillard Tobacco Company
