index_name,symbol
SP500,A
SP500,AAPL
SP500,ABBV
SP500,ABNB
SP500,ABT
SP500,ACGL
SP500,ACN
SP500,ADBE
SP500,ADI
SP500,ADM
SP500,ADP
SP500,ADSK
SP500,AEE
SP500,AEP
SP500,AES
SP500,AFL
SP500,AIG
SP500,AIZ
SP500,AJG
SP500,AKAM
SP500,ALB
SP500,ALGN
SP500,ALL
SP500,ALLE
SP500,AMAT
SP500,AMCR
SP500,AMD
SP500,AME
SP500,AMGN
SP500,AMP
SP500,AMT
SP500,AMZN
SP500,ANET
SP500,AON
SP500,AOS
SP500,APA
SP500,APD
SP500,APH
SP500,APO
SP500,APP
SP500,APTV
SP500,ARE
SP500,ARES
SP500,ATO
SP500,AVB
SP500,AVGO
SP500,AVY
SP500,AWK
SP500,AXON
SP500,AXP
SP500,AZO
SP500,BA
SP500,BAC
SP500,BALL
SP500,BAX
SP500,BBY
SP500,BDX
SP500,BEN
SP500,BF-B
SP500,BG
SP500,BIIB
SP500,BKNG
SP500,BKR
SP500,BLDR
SP500,BLK
SP500,BMY
SP500,BNY
SP500,BR
SP500,BRK-B
SP500,BRO
SP500,BSX
SP500,BX
SP500,BXP
SP500,C
SP500,CAH
SP500,CARR
SP500,CASY
SP500,CAT
SP500,CB
SP500,CBOE
SP500,CBRE
SP500,CCI
SP500,CCL
SP500,CDNS
SP500,CDW
SP500,CEG
SP500,CF
SP500,CFG
SP500,CHD
SP500,CHRW
SP500,CHTR
SP500,CI
SP500,CIEN
SP500,CINF
SP500,CL
SP500,CLX
SP500,CMCSA
SP500,CME
SP500,CMG
SP500,CMI
SP500,CMS
SP500,CNC
SP500,CNP
SP500,COF
SP500,COHR
SP500,COIN
SP500,COO
SP500,COP
SP500,COR
SP500,COST
SP500,CPAY
SP500,CPRT
SP500,CPT
SP500,CRH
SP500,CRL
SP500,CRM
SP500,CRWD
SP500,CSCO
SP500,CSGP
SP500,CSX
SP500,CTAS
SP500,CTSH
SP500,CTVA
SP500,CVNA
SP500,CVS
SP500,CVX
SP500,D
SP500,DAL
SP500,DASH
SP500,DD
SP500,DDOG
SP500,DE
SP500,DECK
SP500,DELL
SP500,DG
SP500,DGX
SP500,DHI
SP500,DHR
SP500,DIS
SP500,DLR
SP500,DLTR
SP500,DOC
SP500,DOV
SP500,DOW
SP500,DPZ
SP500,DRI
SP500,DTE
SP500,DUK
SP500,DVA
SP500,DVN
SP500,DXCM
SP500,EBAY
SP500,ECHO
SP500,ECL
SP500,ED
SP500,EFX
SP500,EG
SP500,EIX
SP500,EL
SP500,ELV
SP500,EME
SP500,EMR
SP500,EOG
SP500,EQIX
SP500,EQR
SP500,EQT
SP500,ERIE
SP500,ES
SP500,ESS
SP500,ETN
SP500,ETR
SP500,EVRG
SP500,EW
SP500,EXC
SP500,EXE
SP500,EXPD
SP500,EXPE
SP500,EXR
SP500,F
SP500,FANG
SP500,FAST
SP500,FCX
SP500,FDS
SP500,FDX
SP500,FDXF
SP500,FE
SP500,FERG
SP500,FFIV
SP500,FICO
SP500,FIS
SP500,FISV
SP500,FITB
SP500,FIX
SP500,FLEX
SP500,FOX
SP500,FOXA
SP500,FRT
SP500,FSLR
SP500,FTNT
SP500,FTV
SP500,GD
SP500,GDDY
SP500,GE
SP500,GEHC
SP500,GEN
SP500,GEV
SP500,GILD
SP500,GIS
SP500,GL
SP500,GLW
SP500,GM
SP500,GNRC
SP500,GOOG
SP500,GOOGL
SP500,GPC
SP500,GPN
SP500,GRMN
SP500,GS
SP500,GWW
SP500,HAL
SP500,HAS
SP500,HBAN
SP500,HCA
SP500,HD
SP500,HIG
SP500,HII
SP500,HLT
SP500,HON
SP500,HONA
SP500,HOOD
SP500,HPE
SP500,HPQ
SP500,HRL
SP500,HSIC
SP500,HST
SP500,HSY
SP500,HUBB
SP500,HUM
SP500,HWM
SP500,IBKR
SP500,IBM
SP500,ICE
SP500,IDXX
SP500,IEX
SP500,IFF
SP500,INCY
SP500,INTC
SP500,INTU
SP500,INVH
SP500,IP
SP500,IQV
SP500,IR
SP500,IRM
SP500,ISRG
SP500,IT
SP500,ITW
SP500,IVZ
SP500,J
SP500,JBHT
SP500,JBL
SP500,JCI
SP500,JKHY
SP500,JNJ
SP500,JPM
SP500,KDP
SP500,KEY
SP500,KEYS
SP500,KHC
SP500,KIM
SP500,KKR
SP500,KLAC
SP500,KMB
SP500,KMI
SP500,KO
SP500,KR
SP500,KVUE
SP500,L
SP500,LDOS
SP500,LEN
SP500,LH
SP500,LHX
SP500,LII
SP500,LIN
SP500,LITE
SP500,LLY
SP500,LMT
SP500,LNT
SP500,LOW
SP500,LRCX
SP500,LULU
SP500,LUV
SP500,LVS
SP500,LYB
SP500,LYV
SP500,MA
SP500,MAA
SP500,MAR
SP500,MAS
SP500,MCD
SP500,MCHP
SP500,MCK
SP500,MCO
SP500,MDLZ
SP500,MDT
SP500,MET
SP500,META
SP500,MGM
SP500,MKC
SP500,MLM
SP500,MMM
SP500,MNST
SP500,MO
SP500,MOS
SP500,MPC
SP500,MPWR
SP500,MRK
SP500,MRNA
SP500,MRSH
SP500,MRVL
SP500,MS
SP500,MSCI
SP500,MSFT
SP500,MSI
SP500,MTB
SP500,MTD
SP500,MU
SP500,NCLH
SP500,NDAQ
SP500,NDSN
SP500,NEE
SP500,NEM
SP500,NFLX
SP500,NI
SP500,NKE
SP500,NOC
SP500,NOW
SP500,NRG
SP500,NSC
SP500,NTAP
SP500,NTRS
SP500,NUE
SP500,NVDA
SP500,NVR
SP500,NWS
SP500,NWSA
SP500,NXPI
SP500,O
SP500,ODFL
SP500,OKE
SP500,OMC
SP500,ON
SP500,ORCL
SP500,ORLY
SP500,OTIS
SP500,OXY
SP500,PANW
SP500,PAYX
SP500,PCAR
SP500,PCG
SP500,PEG
SP500,PEP
SP500,PFE
SP500,PFG
SP500,PG
SP500,PGR
SP500,PH
SP500,PHM
SP500,PKG
SP500,PLD
SP500,PLTR
SP500,PM
SP500,PNC
SP500,PNR
SP500,PNW
SP500,PODD
SP500,PPG
SP500,PPL
SP500,PRU
SP500,PSA
SP500,PSKY
SP500,PSX
SP500,PTC
SP500,PWR
SP500,PYPL
SP500,Q
SP500,QCOM
SP500,RCL
SP500,REG
SP500,REGN
SP500,RF
SP500,RJF
SP500,RL
SP500,RMD
SP500,ROK
SP500,ROL
SP500,ROP
SP500,ROST
SP500,RSG
SP500,RTX
SP500,RVTY
SP500,SBAC
SP500,SBUX
SP500,SCHW
SP500,SHW
SP500,SJM
SP500,SLB
SP500,SMCI
SP500,SNA
SP500,SNDK
SP500,SNPS
SP500,SO
SP500,SOLV
SP500,SPG
SP500,SPGI
SP500,SRE
SP500,STE
SP500,STLD
SP500,STT
SP500,STX
SP500,STZ
SP500,SW
SP500,SWK
SP500,SWKS
SP500,SYF
SP500,SYK
SP500,SYY
SP500,T
SP500,TAP
SP500,TDG
SP500,TDY
SP500,TECH
SP500,TEL
SP500,TER
SP500,TFC
SP500,TGT
SP500,TJX
SP500,TKO
SP500,TMO
SP500,TMUS
SP500,TPL
SP500,TPR
SP500,TRGP
SP500,TRMB
SP500,TROW
SP500,TRV
SP500,TSCO
SP500,TSLA
SP500,TSN
SP500,TT
SP500,TTD
SP500,TTWO
SP500,TXN
SP500,TXT
SP500,TYL
SP500,UAL
SP500,UBER
SP500,UDR
SP500,UHS
SP500,ULTA
SP500,UNH
SP500,UNP
SP500,UPS
SP500,URI
SP500,USB
SP500,V
SP500,VEEV
SP500,VICI
SP500,VLO
SP500,VLTO
SP500,VMC
SP500,VRSK
SP500,VRSN
SP500,VRT
SP500,VRTX
SP500,VST
SP500,VTR
SP500,VTRS
SP500,VZ
SP500,WAB
SP500,WAT
SP500,WBD
SP500,WDAY
SP500,WDC
SP500,WEC
SP500,WELL
SP500,WFC
SP500,WM
SP500,WMB
SP500,WMT
SP500,WRB
SP500,WSM
SP500,WST
SP500,WTW
SP500,WY
SP500,WYNN
SP500,XEL
SP500,XOM
SP500,XYL
SP500,XYZ
SP500,YUM
SP500,ZBH
SP500,ZBRA
SP500,ZTS
